Order_ID,Order_Date,Customer_ID,Region,Product_Category,Product_Name,Quantity,Unit_Price,Revenue,Order_Status,Revenue_Status 
1,28-12-2023,15,North,Home,Mixer,1,1270,0,Cancelled,Leakage
2,25-09-2023,14,South,Home,Vacuum,3,1243,3729,Completed,Valid
3,19-11-2023,35,North,Apparel,Jacket,1,782,782,Completed,Valid
4,20-11-2023,23,East,Home,Lamp,4,844,3376,Completed,Valid
5,22-06-2023,38,East,Apparel,Jeans,4,113,452,Completed,Valid
6,12-07-2023,29,East,Apparel,Jeans,2,845,1690,Completed,Valid
7,17-08-2023,20,South,Electronics,Headphones,5,1455,7275,Completed,Valid
8,29-03-2023,27,West,Electronics,Mobile,1,1984,1984,Completed,Valid
9,11-03-2023,25,North,Home,Lamp,3,1381,0,Cancelled,Leakage
10,06-05-2023,38,North,Apparel,Shirt,3,1276,-3828,Returned,Leakage
11,18-05-2023,12,North,Home,Vacuum,2,453,906,Completed,Valid
12,02-04-2023,14,West,Home,Lamp,2,885,1770,Completed,Valid
13,24-11-2023,33,West,Apparel,Jeans,1,1837,1837,Completed,Valid
14,05-09-2023,50,South,Electronics,Mobile,1,2000,2000,Completed,Valid
15,15-04-2023,38,West,Home,Mixer,3,500,1500,Completed,Valid
16,04-12-2023,33,West,Home,Mixer,2,1497,2994,Completed,Valid
17,18-05-2023,14,South,Apparel,Shirt,3,1332,0,Cancelled,Leakage
18,02-06-2023,34,North,Electronics,Mobile,5,1715,8575,Completed,Valid
19,18-11-2023,19,South,Home,Vacuum,4,1464,0,Cancelled,Leakage
20,19-08-2023,41,North,Electronics,Mobile,4,567,2268,Completed,Valid
21,26-01-2023,45,East,Electronics,Mobile,1,925,0,Cancelled,Leakage
22,18-12-2023,50,West,Electronics,Headphones,2,1241,2482,Completed,Valid
23,27-07-2023,47,North,Apparel,Jeans,4,436,1744,Completed,Valid
24,13-05-2023,5,North,Electronics,Mobile,1,1263,1263,Completed,Valid
25,26-03-2023,40,West,Home,Vacuum,3,348,1044,Completed,Valid
26,12-05-2023,3,South,Home,Vacuum,3,814,2442,Completed,Valid
27,09-03-2023,35,East,Home,Vacuum,3,1152,3456,Completed,Valid
28,16-01-2023,8,North,Electronics,Mobile,1,1343,1343,Completed,Valid
29,14-03-2023,32,West,Electronics,Mobile,2,845,1690,Completed,Valid
30,15-07-2023,38,East,Apparel,Jacket,5,1785,8925,Completed,Valid
31,08-08-2023,32,South,Home,Lamp,2,759,1518,Completed,Valid
32,21-12-2023,15,West,Apparel,Shirt,4,481,1924,Completed,Valid
33,18-06-2023,40,South,Electronics,Headphones,2,1167,2334,Completed,Valid
34,17-01-2023,29,East,Home,Lamp,2,1474,2948,Completed,Valid
35,07-05-2023,25,East,Home,Vacuum,1,1023,1023,Completed,Valid
36,18-04-2023,12,South,Apparel,Jeans,3,1970,5910,Completed,Valid
37,18-12-2023,44,East,Apparel,Shirt,3,664,1992,Completed,Valid
38,12-09-2023,7,North,Electronics,Mobile,1,1303,1303,Completed,Valid
39,21-12-2023,31,East,Electronics,Laptop,3,1073,3219,Completed,Valid
40,26-12-2023,12,West,Apparel,Shirt,4,1392,5568,Completed,Valid
41,20-08-2023,38,South,Home,Lamp,1,155,155,Completed,Valid
42,26-04-2023,23,East,Electronics,Headphones,1,1431,1431,Completed,Valid
43,01-11-2023,41,East,Apparel,Shirt,5,1567,7835,Completed,Valid
44,23-07-2023,29,South,Apparel,Jacket,5,628,3140,Completed,Valid
45,25-11-2023,32,South,Home,Mixer,2,1316,2632,Completed,Valid
46,30-08-2023,24,South,Apparel,Jacket,5,243,1215,Completed,Valid
47,09-12-2023,17,East,Electronics,Headphones,5,876,4380,Completed,Valid
48,06-04-2023,29,North,Home,Mixer,3,1306,3918,Completed,Valid
49,08-05-2023,9,South,Apparel,Jeans,5,237,1185,Completed,Valid
50,23-07-2023,17,North,Apparel,Jacket,4,1585,-6340,Returned,Leakage
51,15-03-2023,15,North,Apparel,Jeans,4,1396,5584,Completed,Valid
52,13-12-2023,30,North,Home,Mixer,1,1599,0,Cancelled,Leakage
53,22-09-2023,28,East,Home,Mixer,5,953,4765,Completed,Valid
54,19-06-2023,28,South,Apparel,Jeans,1,519,519,Completed,Valid
55,22-05-2023,43,South,Apparel,Jacket,1,510,510,Completed,Valid
56,06-03-2023,17,North,Electronics,Mobile,3,304,912,Completed,Valid
57,20-11-2023,10,North,Apparel,Jacket,4,392,1568,Completed,Valid
58,10-01-2023,42,West,Apparel,Jeans,1,622,622,Completed,Valid
59,21-05-2023,16,East,Home,Lamp,1,679,679,Completed,Valid
60,27-02-2023,33,North,Home,Lamp,2,591,0,Cancelled,Leakage
61,18-10-2023,33,North,Apparel,Jeans,5,1658,0,Cancelled,Leakage
62,09-11-2023,3,West,Home,Vacuum,5,256,0,Cancelled,Leakage
63,14-04-2023,19,North,Home,Vacuum,5,457,0,Cancelled,Leakage
64,24-06-2023,46,East,Home,Mixer,1,751,-751,Returned,Leakage
65,13-03-2023,47,South,Apparel,Shirt,5,150,750,Completed,Valid
66,08-08-2023,17,East,Electronics,Headphones,1,1211,1211,Completed,Valid
67,25-12-2023,36,East,Electronics,Laptop,3,658,1974,Completed,Valid
68,23-10-2023,9,North,Apparel,Jacket,3,850,2550,Completed,Valid
69,11-12-2023,32,North,Home,Lamp,3,1122,3366,Completed,Valid
70,27-11-2023,49,West,Electronics,Mobile,1,770,770,Completed,Valid
71,24-07-2023,38,South,Electronics,Laptop,2,1161,2322,Completed,Valid
72,18-05-2023,25,East,Electronics,Headphones,4,922,3688,Completed,Valid
73,18-11-2023,35,South,Apparel,Shirt,5,1185,5925,Completed,Valid
74,14-06-2023,31,West,Home,Vacuum,5,1731,8655,Completed,Valid
75,14-06-2023,29,South,Apparel,Jeans,1,652,652,Completed,Valid
76,07-04-2023,8,East,Home,Vacuum,4,1602,6408,Completed,Valid
77,07-12-2023,37,South,Electronics,Mobile,3,157,471,Completed,Valid
78,11-02-2023,30,West,Home,Vacuum,1,1012,1012,Completed,Valid
79,23-03-2023,18,North,Electronics,Headphones,1,1085,1085,Completed,Valid
80,09-01-2023,16,North,Apparel,Jacket,1,387,387,Completed,Valid
81,02-11-2023,17,East,Electronics,Mobile,1,1747,-1747,Returned,Leakage
82,15-09-2023,3,North,Home,Vacuum,5,481,2405,Completed,Valid
83,26-09-2023,29,North,Electronics,Headphones,3,1225,3675,Completed,Valid
84,10-01-2023,22,East,Apparel,Jacket,1,874,874,Completed,Valid
85,16-07-2023,35,West,Home,Mixer,1,1398,1398,Completed,Valid
86,16-11-2023,10,North,Apparel,Jeans,5,795,3975,Completed,Valid
87,11-02-2023,35,West,Home,Lamp,5,530,2650,Completed,Valid
88,23-10-2023,22,North,Electronics,Mobile,4,1706,6824,Completed,Valid
89,18-10-2023,28,East,Home,Mixer,3,101,-303,Returned,Leakage
90,03-02-2023,24,North,Electronics,Headphones,3,501,0,Cancelled,Leakage
91,24-01-2023,32,South,Home,Mixer,5,891,4455,Completed,Valid
92,30-03-2023,27,East,Home,Mixer,4,1149,0,Cancelled,Leakage
93,19-08-2023,24,West,Electronics,Mobile,1,1167,1167,Completed,Valid
94,10-05-2023,29,North,Electronics,Mobile,4,1154,4616,Completed,Valid
95,17-11-2023,48,West,Apparel,Jacket,4,1353,5412,Completed,Valid
96,28-05-2023,23,South,Apparel,Shirt,4,1786,7144,Completed,Valid
97,19-05-2023,31,West,Apparel,Shirt,2,1239,-2478,Returned,Leakage
98,21-04-2023,22,West,Home,Mixer,3,571,1713,Completed,Valid
99,20-01-2023,48,South,Apparel,Shirt,4,817,3268,Completed,Valid
100,06-12-2023,23,West,Apparel,Shirt,4,996,3984,Completed,Valid
101,20-06-2023,11,West,Electronics,Headphones,3,457,1371,Completed,Valid
102,09-02-2023,3,North,Electronics,Headphones,5,1417,7085,Completed,Valid
103,23-04-2023,31,North,Home,Vacuum,5,1316,6580,Completed,Valid
104,18-09-2023,16,West,Electronics,Laptop,2,1792,3584,Completed,Valid
105,04-01-2023,30,South,Home,Mixer,1,1781,1781,Completed,Valid
106,02-11-2023,35,South,Electronics,Laptop,1,1408,1408,Completed,Valid
107,18-03-2023,38,North,Electronics,Headphones,1,150,150,Completed,Valid
108,15-11-2023,14,West,Home,Mixer,5,1425,7125,Completed,Valid
109,02-09-2023,47,East,Apparel,Jacket,3,829,0,Cancelled,Leakage
110,04-03-2023,46,South,Apparel,Jeans,2,692,1384,Completed,Valid
111,03-02-2023,44,North,Apparel,Jacket,3,1853,5559,Completed,Valid
112,19-01-2023,26,West,Apparel,Shirt,2,231,462,Completed,Valid
113,05-11-2023,5,West,Electronics,Headphones,4,612,2448,Completed,Valid
114,29-11-2023,34,North,Home,Vacuum,2,814,1628,Completed,Valid
115,01-12-2023,19,North,Apparel,Jeans,2,1072,-2144,Returned,Leakage
116,21-11-2023,34,North,Apparel,Jeans,3,977,2931,Completed,Valid
117,10-11-2023,41,East,Apparel,Shirt,4,275,1100,Completed,Valid
118,30-11-2023,39,West,Home,Mixer,5,1140,5700,Completed,Valid
119,01-08-2023,14,West,Electronics,Laptop,4,313,1252,Completed,Valid
120,10-03-2023,8,East,Electronics,Headphones,3,1033,3099,Completed,Valid
121,10-07-2023,39,West,Electronics,Laptop,1,1353,0,Cancelled,Leakage
122,09-10-2023,37,South,Apparel,Jacket,4,149,596,Completed,Valid
123,04-02-2023,20,South,Home,Lamp,4,1783,0,Cancelled,Leakage
124,05-12-2023,16,West,Apparel,Shirt,3,1111,3333,Completed,Valid
125,20-07-2023,1,East,Apparel,Jacket,2,1499,2998,Completed,Valid
126,22-08-2023,30,North,Home,Mixer,2,1827,3654,Completed,Valid
127,27-04-2023,37,East,Electronics,Laptop,5,562,2810,Completed,Valid
128,22-01-2023,23,West,Apparel,Jeans,2,1641,3282,Completed,Valid
129,12-06-2023,25,South,Electronics,Mobile,1,1749,1749,Completed,Valid
130,30-04-2023,9,North,Electronics,Laptop,4,369,1476,Completed,Valid
131,13-02-2023,8,West,Home,Mixer,2,1351,0,Cancelled,Leakage
132,19-11-2023,43,West,Electronics,Laptop,2,1008,2016,Completed,Valid
133,10-07-2023,34,West,Electronics,Headphones,1,506,506,Completed,Valid
134,20-03-2023,7,West,Electronics,Laptop,3,872,2616,Completed,Valid
135,10-11-2023,12,North,Apparel,Jacket,3,228,684,Completed,Valid
136,22-04-2023,23,East,Home,Mixer,3,1620,0,Cancelled,Leakage
137,05-08-2023,45,South,Home,Mixer,2,874,-1748,Returned,Leakage
138,21-09-2023,40,West,Apparel,Jeans,1,273,273,Completed,Valid
139,04-09-2023,48,West,Home,Mixer,1,617,-617,Returned,Leakage
140,06-03-2023,12,West,Apparel,Shirt,5,948,4740,Completed,Valid
141,05-02-2023,42,West,Home,Lamp,1,394,394,Completed,Valid
142,20-08-2023,21,West,Apparel,Jacket,3,1264,-3792,Returned,Leakage
143,22-08-2023,19,West,Apparel,Jeans,2,1948,3896,Completed,Valid
144,25-11-2023,44,North,Home,Mixer,3,1018,3054,Completed,Valid
145,30-12-2023,12,West,Electronics,Laptop,1,1652,1652,Completed,Valid
146,30-09-2023,49,East,Home,Lamp,2,1997,0,Cancelled,Leakage
147,24-02-2023,4,West,Home,Vacuum,2,1664,3328,Completed,Valid
148,04-08-2023,1,West,Electronics,Laptop,3,1087,3261,Completed,Valid
149,07-06-2023,31,South,Apparel,Jeans,4,1741,0,Cancelled,Leakage
150,13-04-2023,5,South,Electronics,Mobile,1,1424,1424,Completed,Valid
151,19-12-2023,3,North,Electronics,Mobile,2,1273,2546,Completed,Valid
152,05-11-2023,33,West,Apparel,Jeans,5,1702,-8510,Returned,Leakage
153,04-10-2023,2,West,Apparel,Shirt,2,121,242,Completed,Valid
154,09-10-2023,13,West,Electronics,Headphones,1,243,243,Completed,Valid
155,23-05-2023,23,South,Apparel,Shirt,2,1146,-2292,Returned,Leakage
156,15-01-2023,28,South,Electronics,Mobile,4,1356,5424,Completed,Valid
157,05-07-2023,11,East,Apparel,Shirt,1,1735,1735,Completed,Valid
158,18-08-2023,38,West,Electronics,Laptop,3,1458,4374,Completed,Valid
159,11-09-2023,9,South,Apparel,Jacket,1,636,0,Cancelled,Leakage
160,14-01-2023,5,South,Apparel,Jacket,4,1742,-6968,Returned,Leakage
161,14-03-2023,24,East,Apparel,Jeans,1,1914,1914,Completed,Valid
162,09-11-2023,9,East,Apparel,Jeans,2,1631,0,Cancelled,Leakage
163,07-06-2023,14,North,Electronics,Mobile,1,1235,0,Cancelled,Leakage
164,11-02-2023,30,South,Apparel,Shirt,5,1566,7830,Completed,Valid
165,08-10-2023,23,West,Electronics,Laptop,4,288,1152,Completed,Valid
166,03-12-2023,34,East,Apparel,Shirt,1,1597,1597,Completed,Valid
167,13-05-2023,37,West,Electronics,Headphones,2,1437,2874,Completed,Valid
168,25-12-2023,42,East,Electronics,Mobile,5,839,4195,Completed,Valid
169,25-09-2023,3,West,Apparel,Jeans,1,147,147,Completed,Valid
170,21-09-2023,34,West,Home,Mixer,1,1281,1281,Completed,Valid
171,09-12-2023,4,West,Electronics,Headphones,4,1860,7440,Completed,Valid
172,21-05-2023,30,West,Apparel,Shirt,1,501,501,Completed,Valid
173,23-09-2023,7,West,Home,Lamp,4,1022,4088,Completed,Valid
174,17-08-2023,14,South,Electronics,Mobile,4,623,2492,Completed,Valid
175,22-07-2023,5,South,Home,Mixer,5,451,2255,Completed,Valid
176,11-02-2023,41,North,Home,Lamp,2,664,-1328,Returned,Leakage
177,12-06-2023,25,South,Home,Mixer,4,899,0,Cancelled,Leakage
178,04-03-2023,11,East,Apparel,Jacket,2,111,222,Completed,Valid
179,05-01-2023,20,East,Home,Lamp,2,568,1136,Completed,Valid
180,14-08-2023,28,South,Home,Vacuum,4,742,2968,Completed,Valid
181,21-07-2023,20,South,Electronics,Headphones,3,565,1695,Completed,Valid
182,09-09-2023,23,South,Apparel,Jeans,2,741,1482,Completed,Valid
183,11-08-2023,29,North,Electronics,Headphones,5,301,0,Cancelled,Leakage
184,29-09-2023,45,North,Electronics,Laptop,2,780,1560,Completed,Valid
185,11-10-2023,34,North,Home,Vacuum,3,255,765,Completed,Valid
186,26-09-2023,44,East,Apparel,Jacket,2,1753,3506,Completed,Valid
187,26-11-2023,41,North,Home,Mixer,2,1379,0,Cancelled,Leakage
188,05-02-2023,25,North,Apparel,Shirt,2,1745,3490,Completed,Valid
189,07-11-2023,2,West,Electronics,Mobile,5,1840,9200,Completed,Valid
190,09-09-2023,13,East,Home,Lamp,4,1578,-6312,Returned,Leakage
191,06-12-2023,6,West,Apparel,Jacket,5,1183,5915,Completed,Valid
192,22-06-2023,3,North,Electronics,Mobile,5,352,1760,Completed,Valid
193,02-06-2023,41,North,Home,Vacuum,3,387,-1161,Returned,Leakage
194,21-10-2023,18,North,Home,Vacuum,5,1601,8005,Completed,Valid
195,31-10-2023,26,North,Apparel,Shirt,3,1715,0,Cancelled,Leakage
196,25-09-2023,42,West,Apparel,Jacket,3,697,2091,Completed,Valid
197,02-03-2023,30,East,Home,Mixer,4,1377,5508,Completed,Valid
198,24-01-2023,7,East,Home,Vacuum,1,1090,-1090,Returned,Leakage
199,17-10-2023,31,South,Apparel,Jeans,3,1820,5460,Completed,Valid
200,31-07-2023,48,East,Home,Lamp,5,934,4670,Completed,Valid
201,29-07-2023,26,North,Electronics,Mobile,4,958,3832,Completed,Valid
202,02-02-2023,39,West,Apparel,Jacket,5,553,2765,Completed,Valid
203,20-12-2023,1,North,Apparel,Shirt,5,1591,7955,Completed,Valid
204,07-03-2023,5,South,Electronics,Mobile,2,364,728,Completed,Valid
205,19-06-2023,4,East,Apparel,Jeans,2,1292,0,Cancelled,Leakage
206,01-08-2023,5,West,Electronics,Headphones,2,1390,2780,Completed,Valid
207,30-03-2023,26,West,Home,Lamp,4,1101,4404,Completed,Valid
208,02-12-2023,29,South,Apparel,Jacket,2,275,550,Completed,Valid
209,28-09-2023,34,West,Electronics,Headphones,1,684,684,Completed,Valid
210,20-08-2023,16,West,Home,Lamp,4,911,-3644,Returned,Leakage
211,17-09-2023,46,North,Apparel,Jeans,2,1249,2498,Completed,Valid
212,07-10-2023,38,West,Electronics,Laptop,5,1736,8680,Completed,Valid
213,31-05-2023,7,North,Electronics,Laptop,1,1623,1623,Completed,Valid
214,25-09-2023,37,South,Electronics,Laptop,1,303,303,Completed,Valid
215,18-07-2023,19,West,Home,Lamp,2,620,1240,Completed,Valid
216,14-05-2023,20,East,Electronics,Headphones,2,669,1338,Completed,Valid
217,10-02-2023,34,East,Apparel,Jacket,3,207,621,Completed,Valid
218,31-03-2023,8,West,Home,Lamp,2,702,0,Cancelled,Leakage
219,16-07-2023,4,West,Home,Mixer,4,550,2200,Completed,Valid
220,26-10-2023,39,East,Electronics,Laptop,5,1593,7965,Completed,Valid
221,22-06-2023,41,West,Apparel,Jeans,5,201,0,Cancelled,Leakage
222,13-08-2023,8,East,Electronics,Laptop,1,661,661,Completed,Valid
223,13-05-2023,10,East,Apparel,Jeans,1,1247,1247,Completed,Valid
224,28-12-2023,44,North,Apparel,Jacket,3,972,-2916,Returned,Leakage
225,15-09-2023,1,West,Electronics,Headphones,3,481,1443,Completed,Valid
226,31-05-2023,3,North,Apparel,Jacket,1,773,773,Completed,Valid
227,11-11-2023,1,East,Home,Lamp,2,1528,3056,Completed,Valid
228,11-01-2023,16,East,Electronics,Headphones,2,136,0,Cancelled,Leakage
229,15-06-2023,43,East,Apparel,Jeans,5,1922,-9610,Returned,Leakage
230,07-06-2023,28,North,Electronics,Laptop,4,768,0,Cancelled,Leakage
231,17-07-2023,26,West,Electronics,Laptop,5,874,4370,Completed,Valid
232,22-02-2023,36,South,Home,Lamp,5,682,3410,Completed,Valid
233,05-11-2023,7,North,Electronics,Mobile,3,643,1929,Completed,Valid
234,22-01-2023,48,North,Home,Mixer,3,1387,0,Cancelled,Leakage
235,11-05-2023,26,West,Home,Mixer,3,614,1842,Completed,Valid
236,12-05-2023,24,North,Electronics,Mobile,2,363,0,Cancelled,Leakage
237,31-01-2023,26,West,Electronics,Mobile,2,1716,-3432,Returned,Leakage
238,05-05-2023,38,South,Apparel,Jeans,5,746,3730,Completed,Valid
239,28-01-2023,38,South,Apparel,Jeans,5,409,0,Cancelled,Leakage
240,13-02-2023,3,North,Electronics,Mobile,4,1888,0,Cancelled,Leakage
241,11-06-2023,8,North,Home,Mixer,4,230,0,Cancelled,Leakage
242,03-05-2023,25,West,Home,Vacuum,2,549,-1098,Returned,Leakage
243,17-03-2023,37,South,Electronics,Laptop,4,1247,4988,Completed,Valid
244,03-12-2023,31,South,Electronics,Laptop,4,1458,5832,Completed,Valid
245,31-03-2023,12,North,Apparel,Shirt,4,1706,6824,Completed,Valid
246,26-08-2023,46,East,Electronics,Laptop,4,442,1768,Completed,Valid
247,28-01-2023,35,South,Apparel,Jacket,2,688,1376,Completed,Valid
248,15-04-2023,44,South,Electronics,Mobile,5,1372,6860,Completed,Valid
249,11-10-2023,11,East,Home,Mixer,1,1276,1276,Completed,Valid
250,06-03-2023,39,North,Electronics,Mobile,3,429,-1287,Returned,Leakage
251,06-03-2023,37,North,Electronics,Mobile,2,1469,-2938,Returned,Leakage
252,02-05-2023,29,South,Apparel,Shirt,5,1974,9870,Completed,Valid
253,24-06-2023,39,East,Electronics,Headphones,2,1199,2398,Completed,Valid
254,30-05-2023,12,West,Electronics,Mobile,4,215,860,Completed,Valid
255,08-09-2023,33,South,Electronics,Laptop,4,1062,4248,Completed,Valid
256,28-12-2023,7,South,Apparel,Jeans,5,1647,8235,Completed,Valid
257,18-04-2023,25,West,Electronics,Mobile,2,762,1524,Completed,Valid
258,20-03-2023,23,East,Home,Mixer,2,1725,3450,Completed,Valid
259,12-02-2023,23,South,Electronics,Mobile,2,1464,0,Cancelled,Leakage
260,03-12-2023,30,South,Electronics,Laptop,3,293,879,Completed,Valid
261,31-05-2023,15,East,Apparel,Shirt,4,1126,4504,Completed,Valid
262,23-07-2023,25,North,Home,Mixer,1,1222,1222,Completed,Valid
263,13-07-2023,20,North,Home,Vacuum,1,191,191,Completed,Valid
264,02-10-2023,23,North,Electronics,Headphones,4,1181,0,Cancelled,Leakage
265,04-11-2023,9,East,Apparel,Shirt,3,250,750,Completed,Valid
266,30-10-2023,41,North,Home,Mixer,5,1293,6465,Completed,Valid
267,05-05-2023,21,South,Electronics,Laptop,3,1999,0,Cancelled,Leakage
268,25-03-2023,42,South,Home,Mixer,4,877,3508,Completed,Valid
269,25-12-2023,18,West,Electronics,Laptop,2,1362,2724,Completed,Valid
270,13-10-2023,30,East,Electronics,Headphones,5,1160,5800,Completed,Valid
271,21-12-2023,29,West,Home,Lamp,1,633,633,Completed,Valid
272,26-02-2023,14,East,Apparel,Jeans,3,1065,0,Cancelled,Leakage
273,29-07-2023,30,East,Home,Lamp,4,882,3528,Completed,Valid
274,12-04-2023,25,South,Apparel,Jeans,5,1957,9785,Completed,Valid
275,24-08-2023,39,West,Home,Lamp,3,1420,4260,Completed,Valid
276,27-08-2023,9,North,Apparel,Jeans,1,1084,1084,Completed,Valid
277,23-06-2023,35,West,Apparel,Jacket,3,647,0,Cancelled,Leakage
278,15-07-2023,1,East,Electronics,Laptop,5,1007,5035,Completed,Valid
279,10-07-2023,39,North,Electronics,Laptop,1,1730,1730,Completed,Valid
280,04-02-2023,15,West,Home,Mixer,5,830,0,Cancelled,Leakage
281,19-02-2023,15,East,Home,Mixer,1,1808,1808,Completed,Valid
282,20-11-2023,32,East,Home,Vacuum,5,1074,5370,Completed,Valid
283,16-10-2023,22,North,Electronics,Headphones,2,1645,0,Cancelled,Leakage
284,13-11-2023,10,East,Home,Lamp,1,1525,0,Cancelled,Leakage
285,02-12-2023,32,North,Apparel,Jacket,3,1994,5982,Completed,Valid
286,12-04-2023,7,East,Electronics,Mobile,5,1891,9455,Completed,Valid
287,02-08-2023,24,West,Apparel,Shirt,3,1713,0,Cancelled,Leakage
288,09-06-2023,33,West,Apparel,Jeans,5,1526,7630,Completed,Valid
289,03-02-2023,31,North,Electronics,Laptop,5,1295,6475,Completed,Valid
290,26-03-2023,22,East,Home,Mixer,5,1123,5615,Completed,Valid
291,28-04-2023,5,East,Apparel,Shirt,4,1326,5304,Completed,Valid
292,02-07-2023,38,West,Home,Mixer,2,264,528,Completed,Valid
293,23-09-2023,39,South,Electronics,Headphones,2,1294,2588,Completed,Valid
294,27-11-2023,12,East,Electronics,Mobile,3,1849,5547,Completed,Valid
295,16-08-2023,20,North,Home,Mixer,1,1584,1584,Completed,Valid
296,08-11-2023,47,West,Home,Mixer,5,248,1240,Completed,Valid
297,11-04-2023,11,East,Electronics,Laptop,4,119,-476,Returned,Leakage
298,16-07-2023,30,East,Home,Vacuum,4,1869,7476,Completed,Valid
299,03-06-2023,43,East,Apparel,Jacket,4,199,796,Completed,Valid
300,22-02-2023,15,West,Home,Lamp,1,1741,1741,Completed,Valid
301,03-04-2023,40,West,Home,Mixer,2,988,1976,Completed,Valid
302,03-02-2023,37,West,Home,Lamp,4,229,916,Completed,Valid
303,11-01-2023,22,East,Electronics,Headphones,3,1877,5631,Completed,Valid
304,07-01-2023,28,West,Home,Vacuum,5,1434,7170,Completed,Valid
305,14-05-2023,8,North,Electronics,Headphones,5,211,1055,Completed,Valid
306,24-07-2023,45,East,Apparel,Shirt,2,1924,3848,Completed,Valid
307,01-06-2023,20,West,Home,Vacuum,5,605,3025,Completed,Valid
308,05-01-2023,38,West,Apparel,Jacket,2,1686,-3372,Returned,Leakage
309,31-01-2023,8,West,Apparel,Shirt,2,1364,2728,Completed,Valid
310,01-12-2023,32,East,Home,Mixer,4,250,0,Cancelled,Leakage
311,06-07-2023,37,West,Apparel,Shirt,3,746,2238,Completed,Valid
312,11-02-2023,18,South,Electronics,Headphones,3,1782,5346,Completed,Valid
313,18-07-2023,25,East,Home,Vacuum,3,1403,4209,Completed,Valid
314,30-11-2023,32,North,Home,Lamp,4,784,3136,Completed,Valid
315,11-05-2023,21,East,Electronics,Laptop,5,1443,7215,Completed,Valid
316,23-10-2023,34,North,Electronics,Laptop,1,1416,1416,Completed,Valid
317,03-10-2023,17,West,Apparel,Shirt,5,1037,5185,Completed,Valid
318,19-01-2023,20,North,Electronics,Laptop,3,553,1659,Completed,Valid
319,25-05-2023,29,West,Home,Lamp,1,884,884,Completed,Valid
320,19-10-2023,37,North,Home,Mixer,4,536,2144,Completed,Valid
321,03-01-2023,7,West,Electronics,Laptop,5,1969,9845,Completed,Valid
322,10-12-2023,29,South,Electronics,Mobile,1,1827,0,Cancelled,Leakage
323,21-06-2023,47,West,Apparel,Jeans,1,785,785,Completed,Valid
324,05-05-2023,22,West,Electronics,Mobile,5,1365,6825,Completed,Valid
325,13-02-2023,27,East,Home,Mixer,5,1031,0,Cancelled,Leakage
326,12-08-2023,35,East,Electronics,Laptop,2,571,-1142,Returned,Leakage
327,18-08-2023,33,East,Electronics,Headphones,1,1044,1044,Completed,Valid
328,05-11-2023,26,South,Electronics,Headphones,5,1247,6235,Completed,Valid
329,08-02-2023,10,North,Apparel,Jacket,1,1404,1404,Completed,Valid
330,14-02-2023,34,North,Electronics,Headphones,2,1648,3296,Completed,Valid
331,08-05-2023,25,South,Home,Vacuum,5,1653,8265,Completed,Valid
332,11-05-2023,34,North,Apparel,Jeans,4,971,3884,Completed,Valid
333,07-09-2023,36,East,Electronics,Laptop,1,867,867,Completed,Valid
334,24-02-2023,44,South,Home,Lamp,2,332,664,Completed,Valid
335,22-09-2023,9,South,Electronics,Laptop,1,111,0,Cancelled,Leakage
336,04-06-2023,46,South,Home,Vacuum,2,1696,3392,Completed,Valid
337,26-09-2023,36,West,Electronics,Mobile,1,1304,1304,Completed,Valid
338,25-03-2023,21,South,Home,Vacuum,4,723,0,Cancelled,Leakage
339,01-09-2023,45,West,Home,Lamp,3,914,0,Cancelled,Leakage
340,23-09-2023,45,South,Apparel,Jacket,3,373,-1119,Returned,Leakage
341,16-06-2023,42,West,Home,Vacuum,3,1447,4341,Completed,Valid
342,14-07-2023,11,East,Electronics,Headphones,2,1285,2570,Completed,Valid
343,17-08-2023,46,South,Electronics,Mobile,1,728,728,Completed,Valid
344,30-12-2023,47,North,Home,Mixer,5,1361,0,Cancelled,Leakage
345,24-09-2023,38,North,Apparel,Jacket,2,642,1284,Completed,Valid
346,10-01-2023,6,South,Home,Lamp,3,884,2652,Completed,Valid
347,21-07-2023,40,East,Apparel,Jeans,5,796,0,Cancelled,Leakage
348,17-04-2023,1,East,Apparel,Jeans,1,360,360,Completed,Valid
349,23-11-2023,43,West,Electronics,Headphones,4,813,3252,Completed,Valid
350,26-01-2023,15,East,Apparel,Shirt,1,1762,1762,Completed,Valid
351,28-06-2023,9,North,Home,Vacuum,4,1285,5140,Completed,Valid
352,01-05-2023,31,North,Apparel,Shirt,1,858,858,Completed,Valid
353,05-08-2023,32,North,Home,Mixer,1,1235,0,Cancelled,Leakage
354,29-11-2023,10,South,Home,Mixer,4,862,3448,Completed,Valid
355,19-08-2023,9,East,Apparel,Jacket,3,1928,5784,Completed,Valid
356,22-01-2023,37,North,Apparel,Shirt,4,1212,4848,Completed,Valid
357,28-12-2023,25,South,Home,Vacuum,2,235,470,Completed,Valid
358,20-06-2023,12,East,Electronics,Headphones,5,342,1710,Completed,Valid
359,18-04-2023,5,East,Apparel,Jacket,2,513,0,Cancelled,Leakage
360,14-07-2023,39,South,Apparel,Jeans,1,488,488,Completed,Valid
361,05-10-2023,46,North,Apparel,Jacket,4,364,1456,Completed,Valid
362,12-08-2023,20,East,Home,Vacuum,3,615,1845,Completed,Valid
363,22-08-2023,44,North,Apparel,Jacket,3,102,306,Completed,Valid
364,01-09-2023,42,South,Home,Mixer,2,322,644,Completed,Valid
365,27-05-2023,41,South,Apparel,Jacket,5,1297,6485,Completed,Valid
366,15-05-2023,47,West,Apparel,Jacket,3,826,2478,Completed,Valid
367,16-09-2023,34,North,Apparel,Jacket,3,277,-831,Returned,Leakage
368,01-12-2023,39,West,Electronics,Headphones,1,1562,1562,Completed,Valid
369,12-03-2023,12,North,Home,Mixer,1,402,402,Completed,Valid
370,21-12-2023,50,North,Home,Mixer,4,406,0,Cancelled,Leakage
371,30-05-2023,10,South,Apparel,Jacket,4,155,620,Completed,Valid
372,22-11-2023,8,East,Home,Lamp,4,1037,0,Cancelled,Leakage
373,12-08-2023,12,West,Electronics,Laptop,2,1295,0,Cancelled,Leakage
374,12-11-2023,18,East,Home,Vacuum,1,1355,1355,Completed,Valid
375,26-02-2023,14,South,Electronics,Mobile,5,1393,6965,Completed,Valid
376,11-03-2023,24,South,Apparel,Jeans,1,736,736,Completed,Valid
377,26-10-2023,32,East,Electronics,Headphones,4,1855,-7420,Returned,Leakage
378,16-02-2023,31,South,Electronics,Laptop,5,1333,6665,Completed,Valid
379,19-10-2023,30,East,Home,Mixer,1,499,-499,Returned,Leakage
380,14-08-2023,47,West,Home,Vacuum,4,1950,7800,Completed,Valid
381,13-06-2023,3,West,Apparel,Shirt,3,1341,4023,Completed,Valid
382,08-02-2023,8,West,Electronics,Headphones,1,1888,1888,Completed,Valid
383,06-02-2023,11,North,Apparel,Jeans,1,1724,1724,Completed,Valid
384,26-04-2023,27,North,Home,Vacuum,1,194,194,Completed,Valid
385,30-04-2023,46,South,Electronics,Laptop,2,1709,3418,Completed,Valid
386,05-04-2023,10,West,Electronics,Headphones,4,1078,4312,Completed,Valid
387,12-10-2023,34,South,Home,Mixer,1,1388,1388,Completed,Valid
388,15-05-2023,18,South,Electronics,Headphones,3,664,1992,Completed,Valid
389,27-03-2023,3,West,Apparel,Jeans,1,1521,1521,Completed,Valid
390,27-11-2023,48,South,Apparel,Jacket,2,494,-988,Returned,Leakage
391,01-07-2023,14,East,Apparel,Shirt,4,1577,0,Cancelled,Leakage
392,05-05-2023,8,West,Apparel,Jacket,3,1271,3813,Completed,Valid
393,04-08-2023,27,West,Apparel,Jeans,4,510,0,Cancelled,Leakage
394,05-02-2023,41,North,Apparel,Jeans,1,554,554,Completed,Valid
395,08-05-2023,11,South,Home,Vacuum,3,1564,4692,Completed,Valid
396,23-07-2023,11,North,Home,Vacuum,3,470,0,Cancelled,Leakage
397,14-10-2023,26,South,Home,Vacuum,2,731,1462,Completed,Valid
398,15-08-2023,13,South,Home,Vacuum,3,723,2169,Completed,Valid
399,10-10-2023,31,West,Home,Lamp,5,453,2265,Completed,Valid
400,16-01-2023,26,East,Apparel,Jeans,1,1163,1163,Completed,Valid
401,04-08-2023,40,South,Electronics,Headphones,5,1345,-6725,Returned,Leakage
402,28-04-2023,45,West,Electronics,Mobile,3,1286,3858,Completed,Valid
403,07-10-2023,25,East,Apparel,Shirt,1,374,374,Completed,Valid
404,03-08-2023,24,North,Electronics,Laptop,2,517,-1034,Returned,Leakage
405,29-06-2023,36,South,Home,Vacuum,2,1504,3008,Completed,Valid
406,03-09-2023,27,South,Apparel,Jeans,2,1389,0,Cancelled,Leakage
407,28-06-2023,37,East,Home,Vacuum,3,1365,4095,Completed,Valid
408,04-06-2023,46,South,Electronics,Laptop,2,1063,2126,Completed,Valid
409,29-05-2023,2,South,Electronics,Laptop,3,1198,3594,Completed,Valid
410,05-04-2023,1,East,Electronics,Mobile,5,1126,5630,Completed,Valid
411,26-01-2023,22,North,Electronics,Headphones,4,443,0,Cancelled,Leakage
412,13-01-2023,30,East,Electronics,Mobile,3,921,2763,Completed,Valid
413,08-08-2023,8,East,Electronics,Headphones,1,973,973,Completed,Valid
414,20-07-2023,1,West,Apparel,Jeans,4,1248,4992,Completed,Valid
415,26-03-2023,27,North,Electronics,Laptop,4,458,-1832,Returned,Leakage
416,28-11-2023,13,East,Home,Mixer,1,1836,1836,Completed,Valid
417,15-07-2023,38,North,Home,Vacuum,1,1830,-1830,Returned,Leakage
418,04-10-2023,10,West,Apparel,Jeans,3,100,300,Completed,Valid
419,21-09-2023,10,East,Home,Mixer,2,144,288,Completed,Valid
420,14-05-2023,33,North,Apparel,Shirt,5,1058,5290,Completed,Valid
421,10-04-2023,6,North,Apparel,Jeans,2,600,1200,Completed,Valid
422,23-12-2023,45,West,Home,Vacuum,4,345,1380,Completed,Valid
423,06-12-2023,4,North,Apparel,Jacket,5,774,3870,Completed,Valid
424,06-11-2023,15,East,Electronics,Headphones,5,1435,7175,Completed,Valid
425,08-06-2023,39,West,Home,Mixer,3,1022,3066,Completed,Valid
426,14-11-2023,1,East,Home,Vacuum,4,807,3228,Completed,Valid
427,04-08-2023,47,South,Home,Vacuum,1,1196,1196,Completed,Valid
428,16-07-2023,7,East,Electronics,Mobile,5,1566,7830,Completed,Valid
429,23-06-2023,41,South,Home,Mixer,5,1914,0,Cancelled,Leakage
430,05-04-2023,9,North,Apparel,Jeans,1,1677,1677,Completed,Valid
431,07-06-2023,32,South,Home,Mixer,3,1724,5172,Completed,Valid
432,05-07-2023,24,South,Electronics,Headphones,1,591,0,Cancelled,Leakage
433,13-07-2023,11,East,Home,Vacuum,1,376,376,Completed,Valid
434,18-09-2023,20,North,Electronics,Laptop,5,608,3040,Completed,Valid
435,17-10-2023,22,East,Apparel,Jeans,4,1060,4240,Completed,Valid
436,01-10-2023,19,North,Electronics,Mobile,4,1101,4404,Completed,Valid
437,03-07-2023,14,East,Apparel,Shirt,2,597,1194,Completed,Valid
438,06-04-2023,30,West,Home,Mixer,1,1331,1331,Completed,Valid
439,09-11-2023,19,South,Electronics,Headphones,4,181,724,Completed,Valid
440,19-05-2023,21,East,Home,Vacuum,2,1137,2274,Completed,Valid
441,24-08-2023,1,South,Home,Mixer,2,1740,3480,Completed,Valid
442,17-06-2023,40,South,Home,Lamp,4,1865,7460,Completed,Valid
443,16-08-2023,43,South,Apparel,Shirt,1,287,287,Completed,Valid
444,22-11-2023,36,North,Home,Lamp,3,1731,5193,Completed,Valid
445,16-04-2023,7,North,Electronics,Headphones,4,792,3168,Completed,Valid
446,27-08-2023,42,West,Home,Lamp,5,883,4415,Completed,Valid
447,08-08-2023,29,South,Apparel,Shirt,2,1318,2636,Completed,Valid
448,20-06-2023,34,South,Electronics,Mobile,2,1610,3220,Completed,Valid
449,06-12-2023,14,North,Home,Mixer,1,1795,-1795,Returned,Leakage
450,16-04-2023,16,South,Apparel,Jacket,4,776,3104,Completed,Valid
451,15-06-2023,36,West,Electronics,Laptop,5,1089,5445,Completed,Valid
452,27-01-2023,5,East,Home,Vacuum,4,1529,0,Cancelled,Leakage
453,14-08-2023,4,West,Home,Vacuum,3,1165,0,Cancelled,Leakage
454,05-03-2023,35,East,Home,Mixer,3,1050,3150,Completed,Valid
455,04-12-2023,43,South,Home,Mixer,5,702,3510,Completed,Valid
456,10-08-2023,19,South,Electronics,Headphones,2,1267,2534,Completed,Valid
457,09-12-2023,41,East,Home,Mixer,3,978,2934,Completed,Valid
458,08-10-2023,4,West,Electronics,Laptop,4,1667,0,Cancelled,Leakage
459,19-03-2023,43,South,Electronics,Laptop,3,1981,5943,Completed,Valid
460,09-11-2023,19,East,Electronics,Laptop,3,1046,3138,Completed,Valid
461,07-07-2023,40,East,Electronics,Mobile,4,156,-624,Returned,Leakage
462,25-03-2023,48,South,Apparel,Shirt,1,389,389,Completed,Valid
463,08-04-2023,22,East,Home,Mixer,2,1478,2956,Completed,Valid
464,06-08-2023,30,West,Apparel,Jacket,4,831,3324,Completed,Valid
465,31-07-2023,8,South,Apparel,Shirt,3,335,1005,Completed,Valid
466,19-01-2023,44,South,Apparel,Jacket,4,1334,5336,Completed,Valid
467,25-05-2023,18,West,Electronics,Headphones,1,411,-411,Returned,Leakage
468,07-02-2023,43,South,Home,Mixer,4,964,0,Cancelled,Leakage
469,13-05-2023,3,North,Apparel,Shirt,4,1345,5380,Completed,Valid
470,28-07-2023,35,East,Electronics,Mobile,5,1443,-7215,Returned,Leakage
471,09-06-2023,10,East,Apparel,Jeans,2,298,596,Completed,Valid
472,25-06-2023,25,East,Apparel,Shirt,4,1926,0,Cancelled,Leakage
473,10-02-2023,19,West,Electronics,Headphones,3,1257,3771,Completed,Valid
474,20-07-2023,14,East,Electronics,Headphones,3,1606,0,Cancelled,Leakage
475,14-04-2023,38,West,Electronics,Laptop,3,1762,5286,Completed,Valid
476,01-09-2023,16,East,Electronics,Laptop,3,375,1125,Completed,Valid
477,04-10-2023,15,North,Home,Lamp,2,1967,-3934,Returned,Leakage
478,05-01-2023,8,North,Electronics,Laptop,1,1056,1056,Completed,Valid
479,10-12-2023,26,East,Electronics,Mobile,2,145,0,Cancelled,Leakage
480,10-02-2023,47,East,Electronics,Headphones,2,273,546,Completed,Valid
481,29-12-2023,14,West,Electronics,Headphones,1,1166,1166,Completed,Valid
482,18-10-2023,7,South,Home,Vacuum,3,668,2004,Completed,Valid
483,27-10-2023,43,North,Home,Vacuum,3,304,912,Completed,Valid
484,26-08-2023,40,East,Electronics,Laptop,2,165,330,Completed,Valid
485,23-05-2023,29,East,Apparel,Jacket,3,1154,3462,Completed,Valid
486,06-03-2023,5,North,Home,Vacuum,1,884,884,Completed,Valid
487,10-07-2023,49,North,Electronics,Mobile,4,1131,-4524,Returned,Leakage
488,24-10-2023,11,North,Apparel,Jeans,5,210,1050,Completed,Valid
489,16-11-2023,5,South,Electronics,Headphones,3,1267,0,Cancelled,Leakage
490,17-07-2023,5,North,Apparel,Shirt,5,429,0,Cancelled,Leakage
491,06-02-2023,35,East,Home,Vacuum,4,1468,5872,Completed,Valid
492,03-02-2023,8,North,Electronics,Laptop,3,1566,0,Cancelled,Leakage
493,25-10-2023,16,North,Apparel,Jeans,5,1484,-7420,Returned,Leakage
494,03-06-2023,17,East,Electronics,Headphones,3,1850,5550,Completed,Valid
495,11-09-2023,44,North,Home,Lamp,2,1996,-3992,Returned,Leakage
496,27-07-2023,4,West,Apparel,Jeans,5,279,1395,Completed,Valid
497,09-10-2023,15,East,Home,Mixer,4,667,2668,Completed,Valid
498,14-12-2023,10,South,Home,Mixer,3,1332,3996,Completed,Valid
499,24-11-2023,13,North,Home,Lamp,2,1117,2234,Completed,Valid
500,02-10-2023,20,East,Electronics,Mobile,3,992,2976,Completed,Valid
501,06-07-2023,2,North,Apparel,Jacket,2,1187,2374,Completed,Valid
502,03-05-2023,28,West,Home,Lamp,3,356,1068,Completed,Valid
503,06-12-2023,32,North,Apparel,Jeans,5,1285,6425,Completed,Valid
504,14-09-2023,5,North,Electronics,Headphones,4,1588,6352,Completed,Valid
505,24-03-2023,40,West,Apparel,Shirt,5,291,1455,Completed,Valid
506,25-03-2023,43,North,Home,Lamp,3,123,369,Completed,Valid
507,23-11-2023,14,West,Home,Vacuum,2,1097,2194,Completed,Valid
508,12-07-2023,26,South,Home,Lamp,1,925,925,Completed,Valid
509,11-09-2023,36,East,Apparel,Shirt,2,118,236,Completed,Valid
510,01-05-2023,14,South,Electronics,Laptop,3,928,2784,Completed,Valid
511,04-03-2023,35,North,Apparel,Shirt,1,179,179,Completed,Valid
512,19-12-2023,6,South,Apparel,Shirt,2,316,632,Completed,Valid
513,17-04-2023,25,South,Home,Lamp,2,108,216,Completed,Valid
514,04-12-2023,19,South,Apparel,Shirt,2,979,1958,Completed,Valid
515,05-02-2023,17,West,Apparel,Jeans,1,473,473,Completed,Valid
516,14-05-2023,45,South,Electronics,Headphones,2,1575,3150,Completed,Valid
517,23-09-2023,34,West,Electronics,Headphones,3,246,738,Completed,Valid
518,08-10-2023,20,West,Electronics,Laptop,3,1773,5319,Completed,Valid
519,24-06-2023,37,South,Apparel,Jacket,3,1898,5694,Completed,Valid
520,19-01-2023,10,East,Electronics,Mobile,2,1736,3472,Completed,Valid
521,06-01-2023,48,West,Home,Vacuum,3,443,1329,Completed,Valid
522,09-11-2023,45,West,Apparel,Jacket,1,493,0,Cancelled,Leakage
523,17-11-2023,31,North,Electronics,Mobile,2,1010,0,Cancelled,Leakage
524,13-11-2023,39,North,Apparel,Jacket,1,761,761,Completed,Valid
525,15-10-2023,27,South,Home,Lamp,1,110,110,Completed,Valid
526,17-07-2023,45,South,Apparel,Shirt,4,1356,0,Cancelled,Leakage
527,27-10-2023,40,East,Apparel,Shirt,5,1546,0,Cancelled,Leakage
528,07-05-2023,25,North,Home,Lamp,2,1835,0,Cancelled,Leakage
529,08-07-2023,36,West,Apparel,Jeans,2,388,776,Completed,Valid
530,22-12-2023,37,East,Apparel,Jacket,4,956,3824,Completed,Valid
531,25-06-2023,44,West,Electronics,Headphones,5,1523,7615,Completed,Valid
532,09-10-2023,40,South,Home,Mixer,4,1518,6072,Completed,Valid
533,19-05-2023,33,West,Apparel,Jeans,4,167,0,Cancelled,Leakage
534,25-07-2023,22,North,Home,Vacuum,4,116,464,Completed,Valid
535,13-11-2023,12,West,Home,Vacuum,3,1487,4461,Completed,Valid
536,07-12-2023,5,East,Electronics,Headphones,4,1491,5964,Completed,Valid
537,21-07-2023,45,East,Electronics,Headphones,4,1616,6464,Completed,Valid
538,27-04-2023,32,South,Home,Mixer,3,388,1164,Completed,Valid
539,21-08-2023,44,West,Home,Mixer,3,139,417,Completed,Valid
540,03-12-2023,2,West,Electronics,Mobile,3,500,1500,Completed,Valid
541,19-11-2023,18,West,Apparel,Shirt,4,1822,0,Cancelled,Leakage
542,20-01-2023,45,North,Apparel,Jacket,2,1885,-3770,Returned,Leakage
543,28-06-2023,18,East,Apparel,Jeans,1,1931,1931,Completed,Valid
544,28-01-2023,21,South,Electronics,Mobile,1,1809,1809,Completed,Valid
545,26-01-2023,38,North,Electronics,Mobile,1,999,-999,Returned,Leakage
546,12-08-2023,9,North,Electronics,Laptop,3,533,1599,Completed,Valid
547,18-10-2023,22,North,Apparel,Shirt,2,1926,3852,Completed,Valid
548,25-06-2023,44,East,Apparel,Jeans,4,1358,5432,Completed,Valid
549,13-09-2023,43,West,Apparel,Jacket,2,918,0,Cancelled,Leakage
550,12-07-2023,42,South,Home,Mixer,3,1751,5253,Completed,Valid
551,29-09-2023,42,West,Home,Lamp,3,888,0,Cancelled,Leakage
552,23-12-2023,7,East,Electronics,Headphones,4,1190,4760,Completed,Valid
553,09-10-2023,45,East,Apparel,Shirt,3,1479,4437,Completed,Valid
554,20-11-2023,33,West,Electronics,Mobile,5,184,920,Completed,Valid
555,18-11-2023,19,West,Home,Lamp,3,443,1329,Completed,Valid
556,25-10-2023,42,South,Apparel,Jacket,2,885,1770,Completed,Valid
557,04-08-2023,42,East,Electronics,Headphones,5,132,-660,Returned,Leakage
558,17-06-2023,32,West,Electronics,Mobile,4,189,756,Completed,Valid
559,11-01-2023,47,South,Home,Mixer,1,1907,0,Cancelled,Leakage
560,13-10-2023,43,South,Electronics,Laptop,1,304,304,Completed,Valid
561,11-07-2023,19,East,Apparel,Jacket,4,1690,6760,Completed,Valid
562,12-05-2023,2,West,Electronics,Laptop,5,1098,5490,Completed,Valid
563,11-11-2023,34,North,Home,Vacuum,5,207,0,Cancelled,Leakage
564,13-06-2023,36,North,Apparel,Jeans,3,1390,4170,Completed,Valid
565,15-12-2023,8,North,Home,Mixer,3,1676,5028,Completed,Valid
566,25-05-2023,23,East,Home,Mixer,1,1586,1586,Completed,Valid
567,23-08-2023,23,West,Electronics,Laptop,1,882,0,Cancelled,Leakage
568,09-05-2023,8,South,Apparel,Jacket,1,1860,1860,Completed,Valid
569,25-02-2023,39,East,Apparel,Shirt,4,780,3120,Completed,Valid
570,30-11-2023,41,West,Electronics,Laptop,1,1151,1151,Completed,Valid
571,14-05-2023,23,West,Electronics,Mobile,5,1243,6215,Completed,Valid
572,12-05-2023,36,South,Electronics,Headphones,3,951,2853,Completed,Valid
573,12-03-2023,40,East,Home,Lamp,1,987,987,Completed,Valid
574,12-08-2023,44,West,Home,Mixer,2,677,1354,Completed,Valid
575,11-04-2023,6,South,Electronics,Headphones,2,783,1566,Completed,Valid
576,14-07-2023,36,East,Home,Vacuum,5,1777,0,Cancelled,Leakage
577,14-09-2023,41,West,Apparel,Jacket,3,739,2217,Completed,Valid
578,18-05-2023,7,West,Apparel,Jeans,5,109,545,Completed,Valid
579,28-11-2023,44,South,Home,Vacuum,5,990,4950,Completed,Valid
580,18-02-2023,17,West,Apparel,Shirt,1,1266,1266,Completed,Valid
581,15-05-2023,38,West,Home,Vacuum,1,689,689,Completed,Valid
582,29-10-2023,45,North,Electronics,Headphones,5,1697,8485,Completed,Valid
583,22-07-2023,35,North,Home,Vacuum,5,1031,5155,Completed,Valid
584,14-12-2023,45,West,Electronics,Headphones,2,1070,2140,Completed,Valid
585,25-02-2023,15,East,Home,Vacuum,4,1433,5732,Completed,Valid
586,21-05-2023,8,South,Electronics,Laptop,5,598,2990,Completed,Valid
587,18-06-2023,1,East,Home,Vacuum,3,1042,0,Cancelled,Leakage
588,13-12-2023,8,East,Home,Mixer,4,430,1720,Completed,Valid
589,29-01-2023,7,West,Home,Mixer,4,248,992,Completed,Valid
590,01-04-2023,14,South,Electronics,Laptop,1,511,511,Completed,Valid
591,13-06-2023,3,West,Electronics,Mobile,4,1685,6740,Completed,Valid
592,16-11-2023,22,West,Apparel,Jacket,1,389,389,Completed,Valid
593,10-09-2023,43,South,Home,Vacuum,5,794,3970,Completed,Valid
594,11-10-2023,44,South,Apparel,Shirt,4,233,932,Completed,Valid
595,04-06-2023,25,West,Apparel,Jacket,3,764,2292,Completed,Valid
596,02-09-2023,19,East,Electronics,Laptop,2,769,-1538,Returned,Leakage
597,17-11-2023,41,South,Apparel,Jacket,1,673,0,Cancelled,Leakage
598,09-09-2023,40,South,Home,Vacuum,4,1555,6220,Completed,Valid
599,23-07-2023,9,East,Electronics,Mobile,2,1116,2232,Completed,Valid
600,04-01-2023,48,East,Apparel,Shirt,5,1209,0,Cancelled,Leakage
601,13-03-2023,3,East,Home,Lamp,5,1299,6495,Completed,Valid
602,12-03-2023,32,East,Electronics,Mobile,3,326,0,Cancelled,Leakage
603,31-08-2023,50,West,Home,Mixer,4,1127,4508,Completed,Valid
604,23-03-2023,43,West,Home,Vacuum,1,888,888,Completed,Valid
605,10-04-2023,38,North,Electronics,Headphones,5,152,760,Completed,Valid
606,01-07-2023,41,North,Apparel,Jeans,3,1714,5142,Completed,Valid
607,16-01-2023,43,North,Apparel,Shirt,2,443,886,Completed,Valid
608,26-07-2023,8,West,Apparel,Jacket,3,1003,-3009,Returned,Leakage
609,11-11-2023,15,North,Apparel,Jeans,3,658,1974,Completed,Valid
610,05-04-2023,32,East,Electronics,Headphones,4,1573,6292,Completed,Valid
611,17-09-2023,26,West,Home,Mixer,4,105,0,Cancelled,Leakage
612,15-07-2023,33,North,Home,Lamp,2,1302,2604,Completed,Valid
613,31-08-2023,1,South,Electronics,Mobile,3,1627,4881,Completed,Valid
614,09-12-2023,13,East,Apparel,Shirt,2,1853,3706,Completed,Valid
615,05-11-2023,3,East,Home,Mixer,4,828,0,Cancelled,Leakage
616,19-06-2023,24,South,Electronics,Mobile,2,1080,2160,Completed,Valid
617,08-04-2023,11,North,Home,Mixer,5,1801,0,Cancelled,Leakage
618,07-04-2023,42,South,Home,Lamp,1,1144,0,Cancelled,Leakage
619,15-04-2023,9,North,Home,Vacuum,4,1590,0,Cancelled,Leakage
620,06-01-2023,32,West,Apparel,Jeans,1,641,641,Completed,Valid
621,25-10-2023,5,North,Electronics,Mobile,4,801,3204,Completed,Valid
622,26-09-2023,14,South,Home,Vacuum,2,1455,2910,Completed,Valid
623,22-03-2023,9,East,Home,Vacuum,2,1433,2866,Completed,Valid
624,25-05-2023,22,East,Home,Vacuum,1,1878,1878,Completed,Valid
625,29-06-2023,1,North,Apparel,Shirt,3,1582,4746,Completed,Valid
626,05-08-2023,8,South,Electronics,Laptop,1,1861,1861,Completed,Valid
627,28-02-2023,16,North,Apparel,Jeans,1,1172,1172,Completed,Valid
628,12-08-2023,47,West,Apparel,Shirt,5,514,2570,Completed,Valid
629,11-03-2023,33,North,Home,Mixer,2,709,1418,Completed,Valid
630,02-04-2023,42,West,Apparel,Shirt,2,1874,3748,Completed,Valid
631,11-08-2023,2,West,Electronics,Headphones,4,714,-2856,Returned,Leakage
632,22-11-2023,20,West,Electronics,Mobile,2,594,1188,Completed,Valid
633,18-01-2023,16,East,Electronics,Headphones,1,1301,1301,Completed,Valid
634,13-01-2023,29,West,Apparel,Jeans,4,1545,6180,Completed,Valid
635,03-11-2023,19,West,Apparel,Shirt,2,280,560,Completed,Valid
636,05-06-2023,35,North,Home,Lamp,3,1513,4539,Completed,Valid
637,19-01-2023,29,North,Apparel,Jeans,2,417,834,Completed,Valid
638,21-08-2023,12,West,Apparel,Jacket,3,1974,5922,Completed,Valid
639,08-09-2023,24,South,Home,Vacuum,3,422,0,Cancelled,Leakage
640,07-04-2023,46,South,Apparel,Jacket,1,541,541,Completed,Valid
641,19-02-2023,20,North,Apparel,Jacket,4,1050,4200,Completed,Valid
642,17-12-2023,11,North,Home,Lamp,5,890,4450,Completed,Valid
643,04-08-2023,9,South,Electronics,Laptop,3,1696,5088,Completed,Valid
644,29-08-2023,27,West,Electronics,Headphones,2,1626,-3252,Returned,Leakage
645,06-07-2023,30,North,Electronics,Mobile,5,136,680,Completed,Valid
646,04-08-2023,19,East,Electronics,Laptop,5,413,-2065,Returned,Leakage
647,08-03-2023,28,West,Electronics,Headphones,3,1949,5847,Completed,Valid
648,20-05-2023,37,West,Electronics,Headphones,1,1796,1796,Completed,Valid
649,09-04-2023,15,East,Home,Lamp,1,1145,1145,Completed,Valid
650,10-09-2023,19,West,Apparel,Jeans,2,1322,-2644,Returned,Leakage
651,04-09-2023,13,South,Apparel,Jeans,1,1347,0,Cancelled,Leakage
652,17-04-2023,4,South,Home,Mixer,2,461,0,Cancelled,Leakage
653,20-07-2023,18,East,Home,Mixer,5,237,1185,Completed,Valid
654,02-02-2023,31,East,Home,Vacuum,4,586,2344,Completed,Valid
655,18-06-2023,29,South,Home,Mixer,3,1328,3984,Completed,Valid
656,24-09-2023,28,South,Electronics,Laptop,2,1136,2272,Completed,Valid
657,19-04-2023,30,West,Electronics,Headphones,5,1353,6765,Completed,Valid
658,23-11-2023,20,West,Apparel,Jeans,3,1632,4896,Completed,Valid
659,17-07-2023,9,North,Home,Lamp,2,1215,2430,Completed,Valid
660,04-06-2023,42,South,Electronics,Laptop,3,456,1368,Completed,Valid
661,17-07-2023,13,West,Electronics,Laptop,4,1246,0,Cancelled,Leakage
662,18-04-2023,25,South,Home,Lamp,1,474,474,Completed,Valid
663,19-07-2023,16,East,Apparel,Jeans,3,1204,3612,Completed,Valid
664,22-04-2023,41,East,Home,Mixer,2,1161,2322,Completed,Valid
665,19-07-2023,34,West,Electronics,Headphones,4,1228,-4912,Returned,Leakage
666,14-01-2023,20,North,Home,Vacuum,4,108,0,Cancelled,Leakage
667,21-12-2023,7,West,Electronics,Headphones,1,943,0,Cancelled,Leakage
668,01-11-2023,36,North,Home,Mixer,3,1510,4530,Completed,Valid
669,13-04-2023,14,South,Home,Lamp,5,1436,7180,Completed,Valid
670,07-02-2023,3,South,Home,Lamp,1,587,587,Completed,Valid
671,14-04-2023,40,West,Home,Lamp,2,715,-1430,Returned,Leakage
672,28-02-2023,17,South,Apparel,Jeans,3,1942,5826,Completed,Valid
673,30-03-2023,32,East,Home,Vacuum,1,368,368,Completed,Valid
674,30-06-2023,11,North,Electronics,Laptop,3,607,1821,Completed,Valid
675,23-03-2023,7,West,Electronics,Mobile,2,1726,-3452,Returned,Leakage
676,29-09-2023,26,North,Electronics,Laptop,4,295,1180,Completed,Valid
677,18-07-2023,36,East,Home,Vacuum,3,1548,4644,Completed,Valid
678,10-11-2023,47,North,Apparel,Jeans,1,591,591,Completed,Valid
679,05-10-2023,4,North,Electronics,Mobile,2,385,770,Completed,Valid
680,26-01-2023,42,North,Home,Lamp,1,1246,-1246,Returned,Leakage
681,11-06-2023,28,South,Electronics,Mobile,4,184,736,Completed,Valid
682,30-07-2023,20,East,Apparel,Jacket,1,401,401,Completed,Valid
683,26-01-2023,39,North,Home,Lamp,5,1134,0,Cancelled,Leakage
684,02-09-2023,2,East,Home,Mixer,5,494,2470,Completed,Valid
685,20-09-2023,39,North,Apparel,Jeans,5,1973,9865,Completed,Valid
686,29-11-2023,36,North,Apparel,Shirt,1,992,992,Completed,Valid
687,06-06-2023,46,South,Electronics,Mobile,3,1509,-4527,Returned,Leakage
688,29-05-2023,27,South,Electronics,Mobile,3,1757,5271,Completed,Valid
689,19-03-2023,32,West,Electronics,Headphones,3,333,999,Completed,Valid
690,01-01-2023,22,North,Home,Lamp,5,862,4310,Completed,Valid
691,03-02-2023,41,North,Electronics,Headphones,2,1991,0,Cancelled,Leakage
692,09-03-2023,37,South,Home,Vacuum,2,1800,3600,Completed,Valid
693,11-09-2023,1,East,Electronics,Mobile,5,1072,5360,Completed,Valid
694,15-04-2023,6,North,Apparel,Shirt,3,1989,5967,Completed,Valid
695,18-02-2023,19,North,Apparel,Shirt,3,1957,0,Cancelled,Leakage
696,06-05-2023,40,North,Home,Mixer,5,653,0,Cancelled,Leakage
697,23-12-2023,1,East,Electronics,Laptop,4,128,512,Completed,Valid
698,19-08-2023,19,South,Home,Vacuum,1,1809,1809,Completed,Valid
699,18-09-2023,13,West,Home,Vacuum,3,1591,4773,Completed,Valid
700,01-08-2023,49,North,Home,Mixer,3,1922,5766,Completed,Valid
701,18-08-2023,40,West,Home,Vacuum,4,962,3848,Completed,Valid
702,12-06-2023,22,South,Home,Lamp,1,1573,1573,Completed,Valid
703,13-04-2023,10,East,Home,Vacuum,4,197,788,Completed,Valid
704,17-04-2023,29,West,Electronics,Laptop,3,977,2931,Completed,Valid
705,15-03-2023,16,North,Home,Vacuum,5,1603,8015,Completed,Valid
706,03-03-2023,24,South,Electronics,Mobile,5,1184,5920,Completed,Valid
707,06-12-2023,34,South,Electronics,Mobile,2,1157,2314,Completed,Valid
708,30-05-2023,3,South,Home,Vacuum,2,1673,3346,Completed,Valid
709,24-07-2023,46,East,Home,Vacuum,2,1988,0,Cancelled,Leakage
710,13-09-2023,44,South,Apparel,Shirt,3,639,1917,Completed,Valid
711,13-01-2023,23,West,Home,Mixer,5,1247,6235,Completed,Valid
712,12-12-2023,2,West,Home,Lamp,3,1195,-3585,Returned,Leakage
713,13-07-2023,18,East,Home,Vacuum,1,1267,1267,Completed,Valid
714,07-05-2023,4,South,Electronics,Mobile,1,1032,1032,Completed,Valid
715,25-07-2023,17,West,Apparel,Jacket,1,1864,1864,Completed,Valid
716,19-08-2023,22,South,Apparel,Jacket,1,1271,1271,Completed,Valid
717,16-07-2023,23,North,Electronics,Mobile,2,1700,3400,Completed,Valid
718,09-06-2023,38,South,Home,Lamp,3,512,1536,Completed,Valid
719,20-09-2023,5,South,Home,Mixer,5,1476,7380,Completed,Valid
720,11-12-2023,18,North,Apparel,Jacket,1,1989,0,Cancelled,Leakage
721,28-09-2023,33,South,Electronics,Laptop,4,1233,4932,Completed,Valid
722,28-01-2023,41,West,Electronics,Laptop,1,1437,1437,Completed,Valid
723,30-04-2023,39,North,Home,Vacuum,5,721,3605,Completed,Valid
724,01-11-2023,47,North,Electronics,Headphones,2,1209,-2418,Returned,Leakage
725,26-04-2023,5,West,Apparel,Jacket,5,303,0,Cancelled,Leakage
726,03-02-2023,34,East,Electronics,Laptop,4,1583,6332,Completed,Valid
727,12-06-2023,20,North,Electronics,Laptop,2,1987,3974,Completed,Valid
728,25-08-2023,36,South,Electronics,Headphones,4,1566,6264,Completed,Valid
729,24-12-2023,40,North,Apparel,Shirt,3,1544,-4632,Returned,Leakage
730,09-12-2023,39,West,Electronics,Laptop,3,1086,3258,Completed,Valid
731,17-02-2023,22,West,Electronics,Laptop,2,543,0,Cancelled,Leakage
732,16-09-2023,8,West,Electronics,Headphones,3,636,1908,Completed,Valid
733,12-10-2023,34,North,Apparel,Jeans,4,123,492,Completed,Valid
734,12-11-2023,24,East,Apparel,Jeans,4,1059,4236,Completed,Valid
735,17-05-2023,14,South,Home,Vacuum,5,862,4310,Completed,Valid
736,16-04-2023,5,East,Apparel,Jeans,4,1970,7880,Completed,Valid
737,04-09-2023,13,South,Apparel,Shirt,1,1029,1029,Completed,Valid
738,19-09-2023,15,North,Electronics,Mobile,4,1745,6980,Completed,Valid
739,19-02-2023,45,West,Apparel,Shirt,5,516,2580,Completed,Valid
740,18-10-2023,18,East,Home,Lamp,3,1060,0,Cancelled,Leakage
741,06-07-2023,34,West,Apparel,Jacket,4,1302,5208,Completed,Valid
742,09-10-2023,39,East,Electronics,Mobile,2,1364,2728,Completed,Valid
743,15-03-2023,38,East,Apparel,Jeans,2,1187,2374,Completed,Valid
744,15-01-2023,2,South,Apparel,Jacket,2,1607,3214,Completed,Valid
745,13-02-2023,33,North,Electronics,Laptop,4,1363,5452,Completed,Valid
746,14-11-2023,16,East,Electronics,Laptop,5,576,2880,Completed,Valid
747,20-07-2023,18,North,Home,Vacuum,4,1384,-5536,Returned,Leakage
748,26-05-2023,27,East,Home,Lamp,4,276,-1104,Returned,Leakage
749,20-05-2023,8,East,Home,Mixer,3,797,2391,Completed,Valid
750,05-01-2023,13,West,Apparel,Jacket,4,1391,5564,Completed,Valid
751,19-06-2023,16,South,Electronics,Mobile,3,511,1533,Completed,Valid
752,29-04-2023,24,East,Apparel,Jeans,4,869,0,Cancelled,Leakage
753,14-05-2023,26,West,Apparel,Jeans,3,1207,3621,Completed,Valid
754,28-07-2023,39,North,Apparel,Jacket,3,1846,5538,Completed,Valid
755,10-08-2023,34,East,Apparel,Jeans,5,1844,9220,Completed,Valid
756,30-09-2023,42,West,Apparel,Jacket,4,963,0,Cancelled,Leakage
757,20-07-2023,34,West,Home,Lamp,2,584,1168,Completed,Valid
758,26-05-2023,38,West,Home,Lamp,1,1616,1616,Completed,Valid
759,26-02-2023,27,East,Electronics,Headphones,4,825,0,Cancelled,Leakage
760,13-03-2023,33,West,Home,Lamp,3,1547,4641,Completed,Valid
761,26-07-2023,9,South,Apparel,Jacket,1,1169,1169,Completed,Valid
762,05-06-2023,40,South,Home,Vacuum,2,1353,2706,Completed,Valid
763,14-10-2023,15,South,Apparel,Shirt,2,322,644,Completed,Valid
764,09-01-2023,48,North,Apparel,Shirt,4,823,3292,Completed,Valid
765,01-09-2023,7,South,Apparel,Jeans,5,1331,6655,Completed,Valid
766,29-04-2023,45,East,Home,Vacuum,1,1494,-1494,Returned,Leakage
767,18-10-2023,46,South,Apparel,Jacket,2,1564,3128,Completed,Valid
768,19-05-2023,32,South,Electronics,Mobile,4,1342,5368,Completed,Valid
769,01-06-2023,9,West,Electronics,Headphones,1,1116,1116,Completed,Valid
770,23-08-2023,34,North,Home,Lamp,2,494,988,Completed,Valid
771,20-06-2023,35,South,Electronics,Laptop,5,490,-2450,Returned,Leakage
772,25-04-2023,24,North,Electronics,Laptop,3,1517,0,Cancelled,Leakage
773,23-08-2023,15,South,Electronics,Mobile,2,427,0,Cancelled,Leakage
774,21-10-2023,41,South,Apparel,Jacket,2,126,-252,Returned,Leakage
775,04-06-2023,27,East,Apparel,Jacket,5,1504,7520,Completed,Valid
776,24-06-2023,19,South,Home,Lamp,1,850,850,Completed,Valid
777,08-01-2023,3,North,Home,Lamp,4,837,3348,Completed,Valid
778,21-06-2023,26,South,Apparel,Shirt,3,1678,5034,Completed,Valid
779,08-10-2023,11,West,Apparel,Jeans,1,1730,-1730,Returned,Leakage
780,13-05-2023,1,North,Apparel,Shirt,1,605,605,Completed,Valid
781,16-07-2023,6,South,Home,Lamp,2,582,1164,Completed,Valid
782,26-05-2023,31,North,Apparel,Jeans,1,141,141,Completed,Valid
783,30-09-2023,33,East,Home,Vacuum,2,650,1300,Completed,Valid
784,11-07-2023,47,South,Apparel,Jeans,3,910,2730,Completed,Valid
785,16-08-2023,48,South,Apparel,Jacket,4,417,0,Cancelled,Leakage
786,19-08-2023,42,South,Electronics,Mobile,2,122,244,Completed,Valid
787,14-06-2023,46,North,Apparel,Jacket,2,1944,0,Cancelled,Leakage
788,10-11-2023,35,West,Electronics,Headphones,5,1072,5360,Completed,Valid
789,23-06-2023,36,North,Home,Mixer,4,1523,6092,Completed,Valid
790,21-07-2023,44,North,Apparel,Jeans,5,960,4800,Completed,Valid
791,10-04-2023,38,West,Apparel,Jeans,2,1519,0,Cancelled,Leakage
792,01-12-2023,33,East,Apparel,Jacket,4,870,0,Cancelled,Leakage
793,05-03-2023,44,North,Home,Vacuum,3,142,0,Cancelled,Leakage
794,01-01-2023,4,West,Electronics,Headphones,2,885,1770,Completed,Valid
795,30-09-2023,28,South,Apparel,Jeans,5,391,1955,Completed,Valid
796,16-09-2023,27,South,Home,Mixer,4,1674,6696,Completed,Valid
797,05-02-2023,44,East,Electronics,Mobile,4,1554,6216,Completed,Valid
798,30-11-2023,23,West,Electronics,Mobile,3,790,2370,Completed,Valid
799,01-01-2023,50,North,Apparel,Shirt,2,1584,0,Cancelled,Leakage
800,13-05-2023,22,North,Electronics,Mobile,5,541,2705,Completed,Valid
801,31-07-2023,12,North,Home,Lamp,3,228,684,Completed,Valid
802,21-08-2023,48,South,Home,Lamp,4,1735,6940,Completed,Valid
803,14-03-2023,7,West,Apparel,Jacket,2,1067,2134,Completed,Valid
804,02-09-2023,24,West,Home,Lamp,3,677,2031,Completed,Valid
805,28-03-2023,13,West,Apparel,Jacket,1,112,-112,Returned,Leakage
806,15-01-2023,19,West,Apparel,Shirt,3,1680,5040,Completed,Valid
807,19-01-2023,38,North,Electronics,Laptop,5,362,1810,Completed,Valid
808,30-06-2023,3,South,Home,Lamp,1,299,299,Completed,Valid
809,13-11-2023,28,West,Apparel,Jacket,5,167,-835,Returned,Leakage
810,25-05-2023,43,North,Electronics,Headphones,2,1282,2564,Completed,Valid
811,13-05-2023,19,West,Home,Lamp,3,1673,5019,Completed,Valid
812,23-12-2023,48,East,Home,Lamp,4,1516,6064,Completed,Valid
813,28-07-2023,32,West,Apparel,Jeans,4,165,0,Cancelled,Leakage
814,23-02-2023,33,South,Apparel,Shirt,3,758,2274,Completed,Valid
815,22-03-2023,32,South,Home,Lamp,2,707,1414,Completed,Valid
816,05-12-2023,48,North,Apparel,Shirt,2,571,1142,Completed,Valid
817,09-04-2023,12,South,Home,Lamp,4,1260,5040,Completed,Valid
818,24-05-2023,8,East,Electronics,Mobile,4,1073,4292,Completed,Valid
819,04-04-2023,33,West,Home,Lamp,4,852,3408,Completed,Valid
820,04-11-2023,32,South,Apparel,Jacket,3,412,1236,Completed,Valid
821,17-01-2023,15,North,Apparel,Jacket,3,650,0,Cancelled,Leakage
822,08-03-2023,28,East,Apparel,Jacket,1,1048,1048,Completed,Valid
823,07-07-2023,18,South,Electronics,Mobile,4,1630,6520,Completed,Valid
824,02-07-2023,50,North,Apparel,Jacket,3,360,1080,Completed,Valid
825,18-11-2023,15,West,Apparel,Jeans,5,469,-2345,Returned,Leakage
826,07-02-2023,46,South,Electronics,Mobile,5,1494,7470,Completed,Valid
827,10-07-2023,39,North,Apparel,Jacket,4,1379,5516,Completed,Valid
828,28-11-2023,2,West,Electronics,Laptop,3,224,672,Completed,Valid
829,02-08-2023,23,South,Apparel,Shirt,3,273,819,Completed,Valid
830,30-12-2023,40,West,Electronics,Headphones,2,803,1606,Completed,Valid
831,14-06-2023,6,East,Home,Vacuum,4,1469,5876,Completed,Valid
832,21-06-2023,23,North,Electronics,Laptop,5,1832,-9160,Returned,Leakage
833,03-08-2023,23,West,Electronics,Headphones,5,796,3980,Completed,Valid
834,20-04-2023,25,North,Home,Mixer,3,1078,3234,Completed,Valid
835,08-07-2023,3,South,Electronics,Laptop,1,629,629,Completed,Valid
836,17-03-2023,31,South,Home,Mixer,2,828,1656,Completed,Valid
837,20-09-2023,20,South,Home,Mixer,1,1960,1960,Completed,Valid
838,07-10-2023,45,East,Apparel,Jeans,3,1525,4575,Completed,Valid
839,04-03-2023,43,North,Electronics,Mobile,1,1463,-1463,Returned,Leakage
840,16-10-2023,18,South,Electronics,Mobile,2,1860,3720,Completed,Valid
841,04-07-2023,39,South,Electronics,Laptop,5,1453,0,Cancelled,Leakage
842,22-05-2023,23,South,Apparel,Jeans,1,1063,-1063,Returned,Leakage
843,19-05-2023,6,South,Electronics,Mobile,2,698,1396,Completed,Valid
844,23-11-2023,26,East,Apparel,Jacket,2,246,492,Completed,Valid
845,08-12-2023,41,West,Electronics,Laptop,4,676,2704,Completed,Valid
846,17-08-2023,50,North,Home,Lamp,3,1800,5400,Completed,Valid
847,29-10-2023,7,South,Home,Vacuum,1,533,533,Completed,Valid
848,12-04-2023,20,East,Electronics,Headphones,4,1128,4512,Completed,Valid
849,07-12-2023,26,South,Home,Vacuum,4,567,2268,Completed,Valid
850,10-07-2023,40,East,Electronics,Mobile,3,1589,4767,Completed,Valid
851,22-08-2023,29,West,Electronics,Headphones,1,726,726,Completed,Valid
852,17-11-2023,3,North,Apparel,Jeans,2,720,1440,Completed,Valid
853,19-11-2023,29,North,Apparel,Jeans,5,295,1475,Completed,Valid
854,15-03-2023,23,North,Electronics,Mobile,3,144,0,Cancelled,Leakage
855,06-10-2023,24,North,Home,Vacuum,1,298,298,Completed,Valid
856,24-09-2023,39,West,Electronics,Headphones,2,1677,3354,Completed,Valid
857,17-06-2023,43,East,Electronics,Headphones,5,1920,9600,Completed,Valid
858,30-10-2023,11,West,Home,Lamp,2,1750,3500,Completed,Valid
859,10-02-2023,40,West,Home,Lamp,3,1982,5946,Completed,Valid
860,10-05-2023,6,South,Electronics,Headphones,3,435,1305,Completed,Valid
861,25-12-2023,29,North,Electronics,Laptop,5,812,4060,Completed,Valid
862,10-02-2023,12,West,Electronics,Laptop,3,1343,4029,Completed,Valid
863,17-09-2023,12,North,Home,Lamp,5,387,1935,Completed,Valid
864,19-08-2023,31,South,Home,Mixer,4,438,1752,Completed,Valid
865,04-06-2023,2,East,Apparel,Jeans,4,1379,5516,Completed,Valid
866,21-11-2023,48,West,Apparel,Jacket,5,336,-1680,Returned,Leakage
867,04-08-2023,32,South,Home,Mixer,2,1388,2776,Completed,Valid
868,09-07-2023,12,West,Electronics,Headphones,2,540,1080,Completed,Valid
869,18-10-2023,35,North,Home,Mixer,2,1851,3702,Completed,Valid
870,20-12-2023,38,East,Electronics,Headphones,1,1896,1896,Completed,Valid
871,26-10-2023,10,East,Electronics,Headphones,5,1898,-9490,Returned,Leakage
872,25-04-2023,3,North,Apparel,Jeans,4,101,404,Completed,Valid
873,24-04-2023,21,West,Electronics,Laptop,2,1037,2074,Completed,Valid
874,15-06-2023,43,South,Apparel,Shirt,4,1702,6808,Completed,Valid
875,23-11-2023,5,West,Electronics,Laptop,4,1402,-5608,Returned,Leakage
876,13-09-2023,15,East,Home,Lamp,2,1066,2132,Completed,Valid
877,01-05-2023,42,North,Home,Vacuum,4,1470,5880,Completed,Valid
878,15-06-2023,50,East,Apparel,Shirt,2,1778,3556,Completed,Valid
879,04-10-2023,8,West,Apparel,Jacket,4,702,2808,Completed,Valid
880,09-04-2023,42,East,Electronics,Headphones,3,1928,5784,Completed,Valid
881,27-01-2023,50,West,Electronics,Mobile,1,1503,1503,Completed,Valid
882,31-01-2023,33,East,Apparel,Shirt,5,1562,7810,Completed,Valid
883,21-10-2023,26,South,Home,Vacuum,3,1084,3252,Completed,Valid
884,29-03-2023,10,West,Apparel,Jacket,4,1247,0,Cancelled,Leakage
885,24-05-2023,29,North,Home,Mixer,2,1558,-3116,Returned,Leakage
886,04-03-2023,22,West,Electronics,Laptop,5,729,3645,Completed,Valid
887,09-12-2023,15,North,Home,Lamp,1,393,393,Completed,Valid
888,30-03-2023,12,West,Home,Vacuum,1,1053,1053,Completed,Valid
889,17-05-2023,37,West,Apparel,Jacket,4,1063,-4252,Returned,Leakage
890,17-11-2023,29,East,Home,Mixer,3,721,2163,Completed,Valid
891,06-11-2023,36,South,Electronics,Headphones,1,1709,1709,Completed,Valid
892,14-02-2023,9,East,Apparel,Jacket,5,271,1355,Completed,Valid
893,11-03-2023,41,North,Electronics,Headphones,2,539,1078,Completed,Valid
894,10-02-2023,16,South,Apparel,Shirt,5,359,1795,Completed,Valid
895,18-12-2023,35,East,Home,Vacuum,5,449,2245,Completed,Valid
896,04-11-2023,4,North,Electronics,Laptop,5,1776,8880,Completed,Valid
897,04-11-2023,49,West,Apparel,Jacket,2,264,-528,Returned,Leakage
898,01-12-2023,2,South,Apparel,Jacket,4,1429,-5716,Returned,Leakage
899,13-03-2023,42,North,Apparel,Jacket,1,1312,1312,Completed,Valid
900,03-11-2023,42,North,Apparel,Jacket,4,709,0,Cancelled,Leakage
901,29-07-2023,16,North,Electronics,Laptop,2,1964,3928,Completed,Valid
902,10-03-2023,3,South,Electronics,Mobile,4,1667,6668,Completed,Valid
903,21-05-2023,12,South,Electronics,Headphones,1,213,213,Completed,Valid
904,10-06-2023,22,East,Apparel,Jeans,1,637,0,Cancelled,Leakage
905,15-03-2023,10,North,Electronics,Headphones,2,1679,0,Cancelled,Leakage
906,14-03-2023,8,North,Home,Lamp,5,1570,7850,Completed,Valid
907,09-04-2023,31,North,Electronics,Laptop,3,1563,0,Cancelled,Leakage
908,27-05-2023,13,South,Apparel,Jacket,4,1097,4388,Completed,Valid
909,29-01-2023,20,South,Electronics,Headphones,2,580,1160,Completed,Valid
910,02-04-2023,3,West,Electronics,Headphones,5,782,-3910,Returned,Leakage
911,05-07-2023,20,West,Home,Vacuum,3,584,1752,Completed,Valid
912,16-11-2023,31,South,Home,Vacuum,1,743,743,Completed,Valid
913,08-08-2023,10,North,Home,Mixer,2,647,1294,Completed,Valid
914,01-06-2023,47,North,Apparel,Jeans,3,475,1425,Completed,Valid
915,09-10-2023,34,North,Home,Lamp,5,1559,7795,Completed,Valid
916,07-11-2023,11,North,Home,Lamp,1,1195,1195,Completed,Valid
917,06-05-2023,10,West,Apparel,Shirt,1,679,679,Completed,Valid
918,15-09-2023,44,East,Electronics,Mobile,3,291,0,Cancelled,Leakage
919,20-07-2023,14,West,Electronics,Mobile,3,1869,5607,Completed,Valid
920,28-03-2023,48,East,Home,Vacuum,2,197,394,Completed,Valid
921,08-07-2023,7,South,Apparel,Shirt,5,1130,0,Cancelled,Leakage
922,24-08-2023,4,East,Electronics,Headphones,2,1117,2234,Completed,Valid
923,29-05-2023,13,South,Electronics,Mobile,3,196,588,Completed,Valid
924,03-11-2023,49,South,Apparel,Jeans,2,584,1168,Completed,Valid
925,07-10-2023,38,North,Home,Mixer,2,1428,2856,Completed,Valid
926,20-02-2023,21,North,Electronics,Headphones,4,343,1372,Completed,Valid
927,12-11-2023,46,North,Apparel,Jeans,2,1118,2236,Completed,Valid
928,02-11-2023,33,East,Electronics,Laptop,3,569,1707,Completed,Valid
929,22-02-2023,21,South,Home,Vacuum,3,735,0,Cancelled,Leakage
930,12-02-2023,38,East,Electronics,Mobile,4,1319,5276,Completed,Valid
931,11-04-2023,12,West,Home,Vacuum,2,1211,2422,Completed,Valid
932,17-06-2023,37,South,Electronics,Mobile,1,496,496,Completed,Valid
933,07-10-2023,5,South,Home,Mixer,5,1677,8385,Completed,Valid
934,16-05-2023,28,North,Electronics,Mobile,2,1170,2340,Completed,Valid
935,20-04-2023,25,North,Electronics,Headphones,2,274,0,Cancelled,Leakage
936,28-08-2023,17,West,Apparel,Jacket,3,1654,4962,Completed,Valid
937,29-07-2023,22,South,Home,Mixer,5,217,1085,Completed,Valid
938,23-03-2023,41,North,Electronics,Mobile,5,563,-2815,Returned,Leakage
939,12-06-2023,45,North,Apparel,Jacket,1,1133,0,Cancelled,Leakage
940,04-03-2023,38,North,Electronics,Mobile,5,907,4535,Completed,Valid
941,08-11-2023,10,West,Electronics,Mobile,3,309,927,Completed,Valid
942,21-07-2023,43,North,Home,Lamp,3,1169,3507,Completed,Valid
943,04-11-2023,8,West,Apparel,Jeans,1,1546,1546,Completed,Valid
944,01-07-2023,18,South,Apparel,Shirt,1,1765,0,Cancelled,Leakage
945,21-06-2023,44,North,Electronics,Mobile,3,1918,5754,Completed,Valid
946,14-08-2023,31,North,Home,Mixer,1,1854,1854,Completed,Valid
947,26-06-2023,50,East,Electronics,Headphones,4,1993,7972,Completed,Valid
948,30-01-2023,2,West,Electronics,Laptop,1,1189,1189,Completed,Valid
949,27-08-2023,15,East,Home,Vacuum,5,1411,0,Cancelled,Leakage
950,10-12-2023,15,South,Electronics,Mobile,1,1485,-1485,Returned,Leakage
951,13-05-2023,16,South,Apparel,Jacket,2,1523,3046,Completed,Valid
952,06-11-2023,17,West,Home,Lamp,4,702,2808,Completed,Valid
953,03-08-2023,48,West,Electronics,Headphones,2,591,0,Cancelled,Leakage
954,23-08-2023,37,West,Apparel,Shirt,5,1697,8485,Completed,Valid
955,05-12-2023,11,North,Apparel,Jacket,5,1064,5320,Completed,Valid
956,30-04-2023,47,North,Home,Lamp,5,1226,0,Cancelled,Leakage
957,24-04-2023,2,East,Home,Lamp,2,805,1610,Completed,Valid
958,12-12-2023,30,North,Electronics,Laptop,4,1778,7112,Completed,Valid
959,18-09-2023,41,North,Apparel,Jeans,1,578,578,Completed,Valid
960,06-12-2023,37,West,Home,Lamp,4,1574,6296,Completed,Valid
961,07-02-2023,3,North,Apparel,Jeans,1,1245,0,Cancelled,Leakage
962,17-05-2023,18,East,Apparel,Jeans,2,608,0,Cancelled,Leakage
963,07-12-2023,10,South,Electronics,Headphones,1,1947,1947,Completed,Valid
964,05-11-2023,22,West,Electronics,Mobile,3,1362,4086,Completed,Valid
965,29-10-2023,41,East,Electronics,Mobile,3,1738,5214,Completed,Valid
966,20-03-2023,3,East,Apparel,Shirt,3,1392,4176,Completed,Valid
967,11-05-2023,5,North,Apparel,Jeans,4,614,-2456,Returned,Leakage
968,20-01-2023,42,South,Electronics,Laptop,1,1064,1064,Completed,Valid
969,30-07-2023,2,West,Apparel,Jacket,4,1784,7136,Completed,Valid
970,30-07-2023,7,North,Apparel,Jeans,3,1905,5715,Completed,Valid
971,10-09-2023,49,East,Home,Mixer,4,1409,5636,Completed,Valid
972,06-12-2023,32,West,Electronics,Laptop,5,401,-2005,Returned,Leakage
973,14-10-2023,18,North,Home,Vacuum,5,1835,9175,Completed,Valid
974,05-01-2023,46,East,Home,Lamp,2,1222,2444,Completed,Valid
975,16-11-2023,5,East,Electronics,Mobile,1,460,460,Completed,Valid
976,12-06-2023,24,South,Electronics,Laptop,2,1647,3294,Completed,Valid
977,29-03-2023,11,East,Electronics,Laptop,1,1649,1649,Completed,Valid
978,09-10-2023,6,North,Electronics,Mobile,2,712,0,Cancelled,Leakage
979,29-05-2023,42,West,Home,Mixer,2,1631,3262,Completed,Valid
980,19-03-2023,12,North,Home,Mixer,2,1117,0,Cancelled,Leakage
981,20-02-2023,45,North,Electronics,Headphones,5,1686,8430,Completed,Valid
982,04-08-2023,16,North,Apparel,Jeans,1,1675,1675,Completed,Valid
983,16-01-2023,45,East,Home,Vacuum,1,1058,1058,Completed,Valid
984,25-06-2023,2,North,Apparel,Jeans,3,1664,4992,Completed,Valid
985,12-02-2023,20,West,Electronics,Laptop,1,1927,1927,Completed,Valid
986,17-02-2023,45,North,Electronics,Headphones,3,1075,3225,Completed,Valid
987,30-11-2023,11,South,Apparel,Shirt,1,1289,1289,Completed,Valid
988,25-10-2023,34,West,Apparel,Jacket,2,124,248,Completed,Valid
989,26-03-2023,50,South,Apparel,Shirt,1,1056,1056,Completed,Valid
990,20-01-2023,4,South,Home,Lamp,5,264,1320,Completed,Valid
991,18-06-2023,21,East,Electronics,Laptop,2,1947,3894,Completed,Valid
992,21-03-2023,30,North,Home,Mixer,3,676,2028,Completed,Valid
993,22-07-2023,37,East,Apparel,Jacket,5,1912,9560,Completed,Valid
994,23-11-2023,16,North,Home,Vacuum,5,1873,9365,Completed,Valid
995,12-08-2023,47,North,Apparel,Jeans,3,915,2745,Completed,Valid
996,27-05-2023,16,South,Home,Vacuum,3,899,2697,Completed,Valid
997,16-03-2023,48,East,Electronics,Headphones,1,505,0,Cancelled,Leakage
998,10-04-2023,26,West,Electronics,Laptop,4,1216,4864,Completed,Valid
999,28-09-2023,6,North,Home,Lamp,5,781,3905,Completed,Valid
1000,19-07-2023,46,South,Apparel,Shirt,2,313,0,Cancelled,Leakage
